id,demand
8709,5.0522427142132145
8710,4.940459777907549
8712,5.33050939149079
8713,5.700386966051484
8714,5.704524393938553
8715,5.733039079432511
8716,6.060781353157968
8717,6.035240471325327
8718,6.034959011561765
8719,6.180877357145656
8720,6.008144076128505
8722,4.74613149155716
8724,4.285163088420541
8725,4.671919555790603
8726,4.4847381876096515
8727,5.026586457612189
8728,4.569964273807267
8729,4.268311857056175
8730,4.737234322619518
8732,4.814682875145337
8733,4.313374708418462
8734,4.6310418763600945
8735,4.80535382457733
8736,4.32362241165047
8737,4.528114273416614
8738,5.030128228452244
8739,4.989913506847301
8740,5.276894576456301
8741,5.757417073756016
8742,5.514004321541845
8743,5.637928101137297
8745,5.639663730292813
8746,5.763587509888264
8749,4.98100000047779
8750,4.6835311405772115
8751,4.725660294094945
8752,3.982763301638665
8753,3.8519307135994043
8754,3.8519307135994043
8755,3.7293598976772677
8756,3.790035830145677
8758,4.52037499356403
8759,4.474898239898021
8760,4.567043380735474
8761,4.474898239898021
8762,4.9841141047901445
8763,4.9100888556320905
8764,5.363437634808222
8765,5.488465091794646
8766,5.478723430389857
8768,5.081488718417779
8769,5.219552631260803
8770,5.259112941973417
8771,5.071216255467066
8772,4.9841141047901445
8773,4.552169769642305
8774,4.449332640695298
8776,3.749668530014519
8777,4.143632499918231
8778,3.749668530014519
8781,3.8007076780597524
8782,4.233376255272692
8783,4.233376255272692
8784,4.811382766815698
8785,4.901748589879092
8786,5.3987801876216555
8787,5.243899368819499
8789,5.243899368819499
8791,5.7027725089600265
8792,5.713139617018134
8793,5.509989751323858
8796,4.916280593934664
8797,4.799694740270701
8798,4.469767971458047
8799,4.472356360641418
8801,4.125183645395941
8802,3.7886171434572202
8803,3.6908067977190635
8804,3.787368480667374
8805,3.0114721114011167
8806,3.7759414160498017
8807,4.26947113229724
8808,4.449979565482336
8809,4.864730336913972
8810,5.363901015347123
8811,5.411713633420071
8813,5.638123000587905
8814,5.814256654011938
8816,5.890042310568155
8817,5.890042310568155
8818,5.732629343741175
8819,5.32590114193396
8820,4.9075665861111455
8821,4.864833656441318
8824,4.287038799897366
8825,4.4637359398521665
8826,4.3644996803539415
8827,4.825056568397823
8828,4.4151602903141685
8829,4.4151602903141685
8831,3.4677343299781938
8832,3.1612828998189086
8833,3.4133629552173494
8834,3.140186374752145
8835,4.276655569432035
8836,5.352631085824144
8837,5.513072579413081
8838,5.418784207305683
8841,5.467219920384653
8842,5.213270162304222
8843,5.2201181612394505
8844,4.968467610400021
8846,4.70710298465323
8847,4.703548724859325
8848,4.76962557905509
8849,4.2715686684426375
8851,3.967170604371504
8852,3.665863458027546
8853,3.3347533190910474
8854,3.705188798523584
8855,3.545970935968576
8856,3.9141706038730755
8859,5.053828198866502
8862,5.860076096510139
8864,5.92829915055655
8865,5.468504011173004
8866,4.937617350224248
8867,3.6628637362428016
8868,4.001415647219768
8870,3.7222177295005334
8871,4.3285850733360185
8873,3.8049750625825087
8875,3.6941831936169245
8876,3.943405849810881
8877,4.561777286515708
8878,4.340353765888108
8879,4.270066228557144
8880,4.824493986354894
8881,5.534515094473007
8883,5.834708029042418
8884,5.899026387106617
8885,5.744738105811804
8886,5.983212494491213
8887,5.868389949146505
8888,5.86224730016923
8889,5.94226707171156
8890,6.008598560234433
8891,5.816852210410966
8892,5.419548802373694
8893,5.0524596856274355
8894,4.942571349830192
8895,4.44960282064775
8899,3.9894300229238437
8901,4.138676607004895
8903,4.340943885298709
8904,5.105110478546309
8906,5.80225914638671
8908,6.028568118650303
8910,6.08142162966795
8911,6.159510203374081
8912,5.948867325794644
8914,5.759192880294113
8916,5.508663497799387
8917,4.976752304933308
8918,5.310405780193405
8919,4.712300261346641
8921,4.299306832839197
8922,4.505895155523008
8923,4.505895155523008
8924,4.505895155523008
8925,4.0971648094927025
8927,4.136448028641585
8929,4.576301909482448
8931,5.186630521281269
8933,5.75282278087219
8934,6.056028343717328
8935,5.95275768497637
8936,6.032876189856636
8937,5.44345268704358
8938,5.601126784167243
8939,5.268950492441717
8940,5.142182749028672
8941,5.496030253823085
8942,4.660598205876585
8943,4.897896432736585
8944,5.092974992910014
8946,4.3678647780178395
8947,4.136878977254124
8949,3.87523430923045
8950,3.87523430923045
8951,4.507478945912551
8952,5.108640904562326
8953,5.383444701034503
8954,5.383444701034503
8955,5.640731550676497
8956,5.699786762914033
8957,5.940292077714509
8958,5.7978728390345795
8959,5.787145682605026
8960,5.878850222757678
8962,5.627318094378257
8963,4.983028513221182
8964,4.983028513221182
8965,5.092974992910014
8966,5.040673091142467
8967,4.528324222151316
8968,4.017265057865154
8969,3.996050514332068
8970,4.30536014228398
8971,4.156804577383948
8973,3.9654563780350798
8974,3.9654563780350798
8976,4.864371161782992
8979,5.820462239380269
8980,6.063829041589659
8981,6.183179389243559
8982,5.943319608968174
8983,6.198081773965586
8986,5.910873490396638
8987,5.898827967230273
8989,5.7993261498836555
8990,5.346610380798037
8992,3.9883346389896324
8993,3.637460980672068
8994,3.856769377980546
8997,3.401335949694601
8998,3.3074076248393296
8999,3.401335949694601
9000,3.6427269401107525
9001,4.071603618795176
9002,4.524379652922947
9004,5.037720311860292
9005,5.281828150487444
9006,5.3058445524516795
9007,5.359763512949938
9008,5.4141650721110866
9009,5.144302887823126
9010,5.24424429918723
9011,4.8657315144471776
9012,4.487068106218822
9013,3.9318245832135554
9014,3.7739872972379906
9015,3.805043756299317
9016,4.454875407508692
9017,3.345031478307738
9018,3.9110349609164627
9020,4.273025208869545
9021,4.273191449050565
9022,4.120972344853386
9023,4.120972344853386
9025,4.790632773439653
9026,5.406112097049274
9027,5.365322041743824
9029,6.164576344044808
9030,6.295320305093262
9031,6.283228999341299
9032,6.293288133784046
9033,6.283228999341299
9034,6.175866154556068
9035,5.651771082364809
9036,5.595124246107023
9037,4.63307056432783
9038,4.63307056432783
9040,4.752233335172818
9041,4.434358321566314
9042,4.41124540023961
9043,4.914151282253905
9044,4.764312294095881
9045,4.391559907819271
9046,4.547034739863358
9048,4.590030420708978
9049,4.441972818906939
9050,4.635279716261251
9051,4.379679695725414
9052,4.478383167459394
9055,4.6084463193917875
9056,4.632787447842029
9057,4.328452998390585
9058,4.328452998390585
9059,4.573243319484521
9060,4.696148762937719
9062,4.348529633470931
9063,4.210331003533295
9064,5.863034041446074
9065,5.277202661871855
9066,5.135462317261776
9067,5.10053842882755
9068,4.944993482802161
9069,4.487049643812904
9070,4.487049643812904
9071,5.9974541953707625
9073,6.109460629554506
9074,6.168558633894564
9075,6.2215205112658625
9076,6.146580674528775
9077,5.965922326126232
9078,6.340070141249202
9079,6.436204280468884
9080,6.286671308587057
9081,5.965922326126232
9082,5.965922326126232
9084,5.797927025521285
9087,3.755547513387696
9088,4.249930549081037
9090,3.8976766437180372
9091,3.8976766437180372
9092,3.8976766437180372
9094,4.249930549081037
9096,4.22118462211558
9097,4.97894123891331
9098,5.332034017212214
9099,5.57661345199606
9100,5.457967847106989
9101,5.383886983547554
9102,5.342449583225101
9103,5.607751322025107
9105,5.505812567894046
9106,5.318683556148551
9107,5.185529318724318
9108,5.08352216096326
9111,4.256642797010913
9112,3.841907062867245
9114,3.9394498710528225
9115,3.9329188179676033
9116,3.8487062870771225
9117,3.8487062870771225
9118,3.6022559266079366
9119,4.403070276753194
9121,4.864669418213363
9123,5.78884797904881
9124,6.07530128033291
9125,5.908822020136248
9126,5.680935418867253
9127,5.689806445814894
9128,5.689806445814894
9129,5.601185896133366
9130,5.744336416032486
9131,5.455941283920337
9132,5.263409805209545
9133,5.263409805209545
9135,4.984913077713552
9136,4.9329164486445745
9137,4.529568284363255
9138,4.529568284363255
9139,4.101922856635691
9140,4.101922856635691
9141,4.101922856635691
9142,4.453328278327761
9143,4.453328278327761
9144,4.571557808950659
9145,5.410633990936641
9146,5.496168748376148
9147,5.724893829898223
9148,5.561047007014043
9149,6.303894056660841
9150,6.276034535887522
9151,6.140991672617432
9152,5.723474911962555
9153,5.7030055196864975
9154,5.441396129741325
9155,5.563070035026456
9156,5.522828686566767
9157,5.5058650283560535
9158,5.513240592284584
9159,5.296563902839746
9160,5.340219129596574
9163,4.976095294395243
9164,4.976095294395243
9165,5.240008723384333
9166,4.976095294395243
9167,5.256444816601745
9168,5.28787078281142
9171,6.002479085640835
9172,5.480968843446482
9173,5.742090040796623
9174,5.922780985428267
9175,5.556048399236432
9176,5.583681108531967
9177,5.683678652418002
9178,5.426685387040269
9179,5.458842202626569
9180,4.834502484221599
9181,4.885119917392718
9182,4.885119917392718
9184,4.859153677436832
9185,4.859153677436832
9186,4.942320300616782
9187,4.6932703415901456
9188,4.859153677436832
9189,5.008692457755502
9190,4.859153677436832
9191,4.941354515063313
9192,5.102041489157941
9195,4.9659123970684576
9196,5.488810161122319
9197,5.389997145825101
9198,5.263006090177176
9201,5.565970790971575
9202,5.404712023374882
9203,5.053605047082762
9204,4.914568318922563
9205,4.065046635464454
9206,4.065046635464454
9207,4.065046635464454
9208,4.073751464570074
9209,3.956476173982447
9211,4.154080310472301
9212,3.8545197299543226
9213,3.8545197299543226
9214,3.956476173982447
9215,4.080282517655292
9216,4.679207933255223
9217,4.953446871967717
9218,5.257022268768317
9219,5.891030721442614
9220,5.9205213438343804
9222,6.024956921783538
9223,6.187859305826947
9224,6.189891477136165
9225,5.981217083146568
9226,5.982187659386445
9227,5.939919770934045
9228,5.488116131240173
9229,5.123544229711061
9231,4.214036252003625
9232,4.326084119167735
9233,4.63144670083539
9235,4.580908864348572
9236,4.1316022062408715
9238,4.63144670083539
9239,4.3281162904769515
9240,5.248471218203072
9241,5.552291143804207
9242,5.881331408672203
9243,6.315141908285465
9244,6.499676113116111
9245,6.415619418400468
9246,6.451224896252533
9247,4.269597457003326
9251,4.243411192470261
9252,4.281401154037641
9253,4.677362469035555
9256,4.761321426641942
9257,4.60781374715323
9258,4.654379799314591
9259,4.668698120053482
9260,4.604898753201995
9261,4.534371343924644
9262,4.534371343924644
9263,4.580182039941674
9264,4.783614803364624
9265,5.355552670831063
9266,5.6580097080958796
9267,6.057730293457513
9268,5.8134490232579585
9269,6.102228025690136
9270,6.65191782829136
9271,6.635132135948574
9272,6.348541467198908
9273,6.448209759263941
9274,6.280134861429515
9275,6.280134861429515
9276,5.935869495717427
9277,5.807762208181021
9281,5.000528896924077
9282,5.168291089859449
9283,4.659173248772795
9285,4.544684209927045
9287,4.658179383363423
9289,5.374040116844946
9290,5.417517994955218
9291,5.763257326826887
9292,6.033837588388234
9293,6.082426496152426
9294,6.096667245403565
9295,6.285159509510277
9296,6.116738355067966
9297,6.116738355067966
9298,5.90066780096226
9299,5.872099475840753
9300,5.804487794552358
9301,5.289488014177112
9302,5.164798483712887
9303,5.055131929927405
9305,4.491369531972305
9306,4.373179127648686
9308,4.404926418967019
9309,3.96818044573451
9310,4.047684247338879
9312,4.428296143012431
9313,5.449427462934543
9314,5.69847740836671
9315,5.974018649086542
9317,6.0001882574047585
9318,6.002326403546443
9319,6.221917602019045
9321,6.145219780704265
9322,5.992965560106797
9323,5.744660239964828
9324,5.000284435122108
9325,4.852788491473945
9326,4.6430218783907415
9327,4.5680958399456495
9329,4.47649999220432
9330,4.325487435218679
9331,4.195545489976541
9332,4.27231323305844
9333,4.27231323305844
9334,4.27231323305844
9335,4.325487435218679
9338,5.127170750105939
9339,5.620200917668396
9340,6.082979512458194
9341,6.1994258696344895
9342,6.160441863025983
9343,6.259327935937364
9344,6.261148033346093
9345,6.166641184996865
9346,5.9316542536962755
9347,5.620046589650293
9348,5.1821811471505645
9349,5.166323081441895
9350,4.513006707042345
9353,4.2827001766942345
9354,4.2827001766942345
9355,4.0928543210981045
9356,4.0928543210981045
9357,4.0928543210981045
9358,4.073616414432389
9359,4.2827001766942345
9360,4.293885579174146
9361,4.819832413752076
9363,5.558962211836359
9364,5.885123802913449
9366,6.231302071995874
9367,6.135215358962056
9369,6.198880529249843
9371,5.126040977825743
9372,4.727599228092489
9373,4.922722739955097
9374,4.552550577203276
9375,4.543787587200138
9376,4.3471864316822595
9378,4.3471864316822595
9379,4.336001029202348
9380,4.336001029202348
9381,4.21847007297305
9382,3.913535023870996
9383,4.227046217003676
9386,5.245759191809062
9387,5.526855130551086
9388,5.817456971755249
9389,5.817456971755249
9391,6.139118721996229
9392,5.780165335142927
9393,5.956443901802003
9394,6.235433476070331
9395,5.551317431819578
9396,5.387864695708459
9397,5.091247828684102
9399,4.332009838065876
9400,4.447644079083515
9401,4.507519717917506
9402,4.594120062050032
9403,4.842100965248598
9404,5.1951638466750385
9405,5.451331013966648
9406,5.748623644486937
9407,5.453849276941282
9408,5.687739271586685
9409,6.130590449171532
9410,6.123941902135637
9411,6.457297259493821
9412,6.460485058447984
9413,6.355357335692036
9414,6.449952227205378
9415,6.452657254599777
9416,6.308093739864412
9418,6.339873206207799
9419,5.880910468856334
9420,5.789422294249341
9421,5.245585529625551
9422,5.123089560810516
9423,4.933560007120718
9424,4.708432449235265
9425,4.708432449235265
9426,4.674993211588687
9427,4.449519510548216
9428,4.376674682193064
9429,4.376674682193064
9430,4.376674682193064
9431,4.448603012548903
9432,4.880588707000898
9434,5.474482949082033
9435,5.979658338505747
9436,6.035556058206522
9439,6.117881887719892
9440,6.017714769396228
9441,6.037586454887298
9442,5.500541147970113
9443,5.467951895996815
9444,5.466410027203058
9445,5.343059873320259
9446,4.478096777583598
9447,4.685079209361404
9448,4.632849030728449
9449,4.325237709357529
9453,4.036732639064163
9454,4.036732639064163
9455,4.229213665664546
9457,4.619300019791288
9458,5.116353413110913
9459,5.009978892957603
9460,4.982222143020806
9461,5.29216951242963
9463,5.369041723994626
9464,5.246038808465811
9466,4.714087601575501
9467,4.696298853387079
9468,4.689767800301861
9469,4.628237037011226
9471,3.6133817109905744
9472,3.622279318176518
9473,3.597757868293544
9474,3.597757868293544
9476,3.92675403933694
9477,4.555052261166877
9478,4.555052261166877
9480,5.173573877137488
9481,5.173573877137488
9482,5.303896880401828
9485,5.495876412079834
9486,3.759869501207917
9487,4.407851902763938
9488,4.368568571943046
9489,4.3450085249847525
9490,4.36382011884893
9491,4.485158516855243
9492,4.43190323335824
9494,4.834567752033906
9495,4.63464212661173
9496,4.947901095370236
9497,5.032249979974019
9498,5.075465541915463
9499,5.027837681412903
9500,5.03299242166805
9501,4.9520420094205475
9502,4.851595198727525
9504,5.040284821125142
9507,5.90973223648455
9508,5.90973223648455
9509,5.942380605133609
9510,5.9792774698134625
9511,5.826121444888718
9513,5.984404838989165
9514,5.736995883481249
9516,5.44001903367944
9517,4.942912190948172
9518,4.557254077294596
9519,4.407567248527904
9520,4.395065808942722
9521,4.148944901926004
9522,4.3348512329935724
9523,4.101580975950086
9524,3.874106335835572
9525,4.101580975950086
9526,4.161795551899236
9527,4.176577579464365
9529,4.958169435190401
9530,5.183335160119191
9531,5.734707804612705
9532,5.994881021322385
9534,6.004374524643834
9535,5.962976926564739
9537,5.228290138399209
9538,5.020862141276796
9539,5.034149256642118
9540,4.942412416266897
9541,4.945732696285978
9542,4.846532161930159
9543,4.799168235954241
9544,4.953903463568646
9545,4.942094842950064
9546,4.942094842950064
9547,4.569694322049429
9548,4.839218302090287
9550,4.91176395728065
9551,4.91176395728065
9554,4.57028559625192
9556,4.762437095676496
9558,4.562649889138544
9559,4.862730652088179
9560,4.538130153224393
9561,4.555008015389337
9562,4.136844401239094
9563,4.112466899205915
9564,4.060682293194008
9565,4.077560155358952
9566,4.187674269358731
9567,4.1833009159799985
9568,4.133938300467656
9569,4.159204768828232
9570,4.159204768828232
9571,4.106193409796796
9573,4.174790982259387
9574,4.104901761063007
9575,4.156288016304928
9576,4.659245123639068
9578,5.248426261642139
9579,5.248426261642139
9580,5.605849872229956
9581,5.566857128477662
9583,6.040059774890997
9584,5.961682952299053
9585,5.5518455104556965
9587,5.5518455104556965
9588,5.5518455104556965
9589,5.407201969654068
9590,5.234367880792437
9591,5.344119297743578
9592,4.781930974421862
9593,4.174637240012997
9594,4.381138915599565
9595,4.621593841127302
9596,4.702011641753382
9597,4.789795907441334
9599,4.7493755677293
9600,4.381138915599565
9601,4.820267504534908
9602,5.309143759366349
9603,5.598362140558225
9605,6.0958576016957995
9606,5.9267080294783145
9607,6.133649868729757
9609,6.086919464438793
9611,5.823413557993885
9613,5.100648453079659
9614,6.16876805607095
9618,4.800319039515909
9620,4.674225123121412
9622,4.416814645812116
9623,4.476170280375152
9624,5.145144612113038
9625,5.6024539575477315
9626,5.845714479925374
9627,6.342803541842412
9629,6.253317135459888
9630,6.6380153302385585
9631,6.62401420559504
9633,6.371381265676634
9634,5.837190747356139
9635,4.975955643614104
9636,4.9016820679397775
9638,5.0984054768583125
9639,4.98955819525039
9640,4.666598830793931
9641,4.777020515400424
9642,4.8762222530138235
9644,4.770360300362008
9645,4.696133136003351
9647,4.772941944541163
9648,4.702793351041767
9649,5.143314650882227
9650,5.40831913628768
9652,6.176391246135196
9653,6.2593360894308665
9655,6.3669791100914574
9657,5.945547972896744
9658,5.845336612259224
9660,5.465681621310158
9661,4.905448752279939
9662,4.697306408289039
9664,4.588122841154146
9665,4.815897752797035
9666,4.534329736362105
9667,4.710516903706196
9668,4.935022412933373
9669,4.831629052049499
9670,4.885933240292808
9671,4.6714419702679795
9672,4.335525078914363
9673,4.184392228282325
9674,4.518860220127796
9675,4.4353139445856575
9676,4.375651742742842
9677,4.443576079584589
9678,4.457401461591879
9679,4.239883810681347
9680,4.200513810629224
9681,4.2680686011635975
9682,4.242347101982542
9683,4.287835600134588
9684,3.8762380877126708
9685,3.507305887419033
9686,3.4904280252540887
9687,3.2052356744952597
9688,4.075906099086732
9689,3.3652151304934357
9691,3.7042501391528604
9692,3.2992410448454876
9694,3.8716004333600766
9695,4.063120689860097
9697,4.414754624314272
9698,4.359960581496285
9699,4.544580661959605
9700,4.480071305165228
9702,4.670905232852678
9703,4.611308219485915
9704,4.611308219485915
9705,4.513308400918859
9707,4.404827201829566
9708,4.237473629595525
9709,4.3120950316379
9710,4.240976591239632
9711,4.394245242138012
9712,4.3901113523936175
9714,3.8373696204727907
9716,3.7627359360203907
9717,4.372664484532316
9719,3.9260422658125247
9720,4.427275529049811
9721,4.502902245557566
9722,4.5077375260425585
9723,4.935518964209562
9724,4.935518964209562
9725,4.940345280449484
9726,5.168786078313891
9727,5.0502754320859955
9728,4.879493304065288
9729,4.998986368772014
9730,4.928073834532451
9731,4.879493304065288
9732,4.879493304065288
9733,4.784423541635589
9734,4.798043293406129
9735,4.798043293406129
9738,4.060480328041642
9739,4.060480328041642
9740,4.121436232899414
9741,4.10784425401756
9742,4.10784425401756
9744,4.580917418861463
9745,5.247689450780561
9747,5.424058069119461
9748,5.281244996884906
9749,5.5327742242080395
9750,6.118117598272824
9751,6.118117598272824
9752,6.158751633700738
9753,5.92008158802623
9754,5.601748714063637
9755,5.820394796711838
9756,5.671842764539205
9757,5.429589721628451
9759,4.733786342225934
9760,4.671059233633006
9761,4.946643929139127
9762,4.640904034695923
9763,4.923433500448229
9765,4.5485133762385646
9766,4.5485133762385646
9767,4.565441278953487
9768,5.024653649364544
9770,5.230546006147399
9772,5.2820611927751875
9773,5.715171791882755
9775,5.680059898447404
9776,5.550040414746803
9777,5.582955547677285
9778,5.114463954208682
9779,4.671059233633006
9781,4.456101002887089
9782,4.164048046105997
9783,4.538631301318463
9785,4.141357204034799
9786,4.141357204034799
9788,3.949049963653534
9789,3.7791335053099373
9790,3.675192363839906
9792,4.1203117075746345
9793,5.622919603012172
9794,5.711293477478975
9795,5.962994629231489
9796,5.954192688803127
9797,5.977489163947087
9799,5.711608455073518
9800,5.412930501601137
9802,5.228744774810321
9804,4.88829144327881
9805,4.603798798130038
9806,4.899189346431124
9807,4.468571897269133
9808,4.408068102214877
9809,4.360757763083953
9810,4.422558137974794
9811,3.9451284268419022
9812,3.843708424313474
9814,3.946996056725866
9816,4.424315945472868
9817,4.541675851459835
9819,5.17534224523053
9820,5.226996690296681
9821,5.366429116795615
9822,5.708641514083533
9823,5.629351607573198
9824,5.753688198041549
9826,5.1359220144710696
9828,4.535131878802583
9830,4.312661110471375
9831,4.614711590041435
9832,4.116709265013316
9834,3.9186417409846945
9835,4.125967502009341
9836,4.125967502009341
9837,3.857118629649622
9838,3.8152853382963063
9839,3.9662844647294433
9840,4.107820019351108
9841,4.939242825175084
9842,5.273162484848094
9843,5.500943906774439
9844,6.1200908855066025
9845,6.545834422294981
9846,6.64313298071962
9848,6.4686272455462825
9849,6.310544753514463
9850,5.474538159100423
9852,4.836518758948138
9853,5.026646665107145
9854,5.049943140251105
9855,5.153185023139137
9858,5.390966541534431
9859,4.961942275040373
9861,4.952903653628129
9862,4.952903653628129
9863,5.191763601289786
9864,5.628228462163353
9865,5.342008261376814
9868,5.065851829442291
9869,4.424278336359675
9870,5.0538462260821495
9871,4.855499229486311
9872,4.935929652884556
9873,4.944968274296801
9874,4.753862642561271
9875,4.584829539713106
9876,4.994152057685635
9877,4.990318344052555
9878,4.951628491599703
9879,4.491024232208577
9880,4.66169446292973
9881,4.206266484824854
9882,4.14347293248892
9884,4.14497762328191
9885,4.214635144434661
9886,4.14497762328191
9887,4.119652341305342
9888,4.4051122058468035
9889,5.135139859335287
9890,5.305125225627759
9891,5.457051672996368
9892,5.496884421941948
9894,5.768291021788935
9895,5.678145914240465
9896,5.75925240037669
9897,5.611334003670269
9898,5.380686443738655
9900,4.784259895018622
9901,4.375184707899638
9902,3.984757184199753
9903,3.937393258223834
9904,3.938424154293115
9905,3.938424154293115
9906,3.938424154293115
9907,3.3628916511868447
9908,3.7484358419162214
9909,4.147285952101145
9910,3.759424901861516
9911,3.7818731019870095
9913,4.291426138318159
9914,4.560962443362649
9915,5.19952396322798
9916,5.445168080853309
9917,5.4946202675261775
9918,5.634460025237357
9919,5.85167175669578
9920,5.313265098516916
9921,5.146946475751818
9922,4.997176726372287
9924,4.522448503993675
9925,4.115843570546493
9927,3.7371833501372342
9928,3.766907697099993
9929,4.17001571964841
9930,4.152568851787108
9931,3.6713520600738843
9933,4.057013214760998
9934,3.6833904293472237
9935,3.69242905075947
9937,4.702968130264697
9939,5.261443186421684
9940,5.745850939484296
9941,5.817335223445993
9942,5.760542878520345
9943,5.614070033714745
9944,5.636382310051332
9945,5.268716416795813
9946,5.087991245838808
9947,5.062200073977116
9948,5.0712386953893605
9949,4.862783460871776
9950,4.783476077155314
9951,4.704873485050621
9952,4.860146066986569
9953,4.534917315586137
9954,4.482791946721427
9955,4.798701826395434
9957,4.482791946721427
9958,4.089761716803767
9960,4.09509833496018
9961,4.09509833496018
9962,4.752907192682451
9963,4.795159153651904
9964,5.441221865276201
9967,5.628059195897444
9968,5.508063644045952
9970,4.555503308884188
9971,4.219322516196816
9972,4.647664771103358
9974,4.549027647538908
9975,3.8332347171059085
9976,4.7595243867743156
9977,3.960704795388553
9978,4.234057096496235
9979,4.542912329394859
9983,4.890568308054943
9984,4.903734148369263
9985,4.827202411144902
9986,4.760402989527713
9987,4.760402989527713
9988,4.796446686288676
9989,4.9699926140761255
9990,5.068467882868368
9991,4.983731026004504
9993,4.994965023205667
9994,5.031981322366949
9995,5.031981322366949
9997,4.9522164445978945
9998,4.753534793565517
9999,4.679284556665821
10001,4.250462036213046
10002,4.250462036213046
10003,4.050548433458973
10005,4.4924992492832985
10007,4.2908052544046615
10008,4.574702100486661
10009,4.7696887935044705
10010,5.21428011739636
10011,5.498497226588883
10012,5.517815228986307
10013,5.4207759142009655
10014,5.505848471287095
10015,5.488176918643943
10016,5.3399383118107435
10017,5.3399383118107435
10018,5.392681282116492
10019,5.406085203603037
10020,5.281561387881916
10021,5.322245960527453
10023,4.803007387968789
10024,4.699011817628683
10025,5.08733003941962
10026,5.08380006793243
10027,5.08380006793243
10028,4.99829568981837
10029,4.981361796844634
10030,4.940653523755027
10031,4.981361796844634
10033,5.100733960906165
10035,5.26642464061207
10036,5.232612103499048
10038,4.957372395911749
10039,5.232612103499048
10040,5.211548040833484
10041,5.224951962320029
10043,4.834302573187413
10044,4.672440347581224
10045,4.735998529970139
10046,4.526486140881659
10047,4.526486140881659
10051,4.108528914767713
10052,3.479536363695622
10053,3.5080953714674914
10054,4.079969906995843
10055,3.5080953714674914
10056,4.322281751580619
10057,4.583635141774002
10058,4.975590718151672
10059,5.187781542865172
10061,5.295653147211187
10063,5.328301515860246
10064,5.362812890205185
10065,5.2155868635164335
10068,4.731785102003933
10069,4.531242616534485
10070,4.54139568296395
10072,4.6233420701906445
10073,4.65250344264474
10074,4.65250344264474
10075,4.629660583490654
10076,4.779254586121632
10077,4.746658976793377
10078,4.953550417910708
10079,4.962589039322952
10080,4.960387979182353
10082,5.006893701712811
10083,5.136600987203256
10084,5.267004995301309
10085,5.29598895308991
10086,5.332238708724301
10087,5.3693515261718945
10088,5.254301963028606
10091,4.972023096119434
10092,5.015932323125056
10093,4.658185895884426
10094,4.3811188953854865
10095,3.853603096982725
10096,3.645564714874082
10097,3.526084648889758
10098,3.3885352915890032
10099,3.351555502864518
10100,3.3244151145715612
10102,3.215008075582923
10103,3.2282562009381137
10104,3.2466679653129944
10105,3.775769353141105
10106,4.80353645641076
10107,5.034515267807615
10108,5.034515267807615
10109,5.093852934260054
10111,5.15188091279951
10112,5.1057294739396735
10113,4.72539853221816
10114,4.667638759715865
10115,4.452962562616986
10116,4.365217970964885
10117,4.6452620065849235
10118,4.642143865111187
10119,4.452962562616986
10120,4.563629180069699
10122,4.395157217737604
10123,4.531791377835848
10124,4.545195299322393
10125,4.531791377835848
10126,3.879303557071629
10127,3.876568965979486
10129,3.864808309357511
10130,4.395157217737604
10131,4.931622659719117
10132,4.808842619961396
10134,4.911438178804421
10135,4.823194868755977
10136,4.911438178804421
10137,4.904566143271905
10138,4.911438178804421
10140,5.054668187750386
10141,5.068072109236931
10142,4.413840369290548
10143,4.105333774261277
10144,4.283075018506802
10146,4.926505015665487
10147,5.034664745328144
10148,5.114776929431386
10149,5.115846227449026
10150,5.13693457831336
10151,5.188298572687716
10152,5.45561543217639
10154,5.636439480207878
10155,5.690724366681727
10157,5.75763791847867
10158,5.75763791847867
10159,5.77125629728788
10160,5.575050306331545
10162,5.6899938911919286
10163,5.670675888794505
10165,5.257779445727121
10166,5.280440913544372
10167,5.100213916660609
10168,4.7448683936079075
10169,4.742286749428753
10170,4.818514108397089
10171,4.837832110794513
10172,4.449792057743701
10173,3.658646553661196
10174,3.6300875458893267
10176,4.997073363784706
10178,5.257834726321016
10179,5.486780491223091
10180,5.615628852651649
10181,5.597063816814066
10182,5.603382330114076
10183,5.566895769612656
10184,5.3171836818908
10185,5.34574268966267
10186,4.233210851891634
10187,4.4254565302024265
10189,4.266648111962422
10190,3.9756110329911656
10191,4.039482632139981
10192,3.8078962213370455
10193,3.9052779366386376
10194,3.776567269285015
10195,3.0868943653322303
10196,3.372044371647921
10197,2.8024030339379915
10198,3.0868943653322303
10199,4.041757134911443
10200,4.420183467006655
10201,4.76037118281871
10202,4.805333600529529
10203,5.55116393017218
10204,5.89369564715324
10205,5.987155090339466
10208,5.632683143539362
10209,4.934094030020482
10210,5.157388520477474
10211,4.927340935337315
10212,4.398961505143549
10213,4.331345564684594
10214,4.3124293320726546
10215,3.9285461956560614
10217,3.5931773794039383
10218,3.918268111191779
10219,3.892681259770697
10220,3.4569264555256205
10221,3.461158129545455
10222,3.3906005803860015
10223,3.5931773794039383
10224,4.1543273567209535
10225,4.277149636241826
10227,5.520925721069937
10228,5.749280122983997
10230,5.986909594544667
10231,5.868143741242846
10232,5.736374924755278
10233,5.64333589622263
10234,5.291085710637545
10236,4.508128256695322
10237,4.465292430305189
10239,4.182177016236968
10240,4.024885159306208
10241,3.993225269576134
10242,3.993225269576134
10243,4.021623422686079
10245,3.4701662256942547
10246,3.4644491182110104
10247,3.94404730941511
10248,3.582791943336418
10249,4.408721029609969
10250,4.5613692654158315
10251,4.834336352509797
10253,5.207335885309529
10254,4.858927949358153
10255,4.797849792008378
10256,4.849889327945909
10257,4.5297093756857585
10260,4.849900512463809
10261,4.524507711881568
10263,4.623022402756302
10265,3.9618393656355373
10266,3.954309341674911
10267,4.404855329429013
10268,3.8754169147478956
10269,4.094240780619671
10271,3.7887596536402555
10272,4.021475153737053
10273,4.003166592921598
10274,3.942951960022021
10278,5.054460884642742
10280,4.839747038021107
10281,4.736933986451153
10282,4.670972782449034
10283,4.556138588176534
10284,4.556138588176534
10285,3.38930770602043
10286,3.390956922542309
10287,3.4338088982435813
10288,3.2535882597028962
10289,3.2535882597028962
10290,3.0809564813345753
10291,2.97644047902696
10292,2.97644047902696
10293,3.0746379680345655
10294,3.073334680538192
10295,3.970018057121449
10296,4.443341893635389
10297,4.8358019393601515
10300,4.987350724661781
10301,4.959463363600373
10303,4.868974812389754
10304,4.681069105391347
10305,4.400112618232917
10306,4.375441053925391
10307,4.387902863240539
10308,4.139775104377884
10309,3.8991683464649727
10310,2.9657643743969926
10311,3.5923891265281065
10312,3.6173445111227998
10313,3.5359659779497865
10314,3.6074286687104697
10315,3.9361942373535452
10316,4.218966484638777
10317,4.148549640947274
10318,4.128617955179496
10319,4.218966484638777
10320,4.378223500905166
10322,4.424845748109799
10323,4.598597114752679
10324,4.73604664652714
10325,4.725789658103071
10326,4.685407314929114
10327,4.663116918749055
10329,4.663116918749055
10331,4.32566295928694
10332,4.251298996295583
10333,4.241042007871513
10334,4.348055453703758
10335,4.31090126254715
10336,4.160990782447302
10337,4.117252298592243
10338,4.1990795745373575
10339,4.222416975945624
10340,4.160990782447302
10341,4.245020798606573
10342,4.301411610044429
10343,4.50293372769456
10344,4.577833818344251
10345,4.5720964404796645
10347,5.129011317098599
10351,5.3725619574078225
10352,4.953572369485696
10353,4.541928393278257
10354,4.959890882785705
10355,4.949910174660103
10356,4.813099880621141
10357,4.502157418857204
10359,4.40921975307774
10360,3.552935143783301
10361,3.3726815646185915
10362,3.3726815646185915
10363,2.993535196813279
10364,2.9573406765654435
10365,3.0192566959943345
10366,2.993535196813279
10368,4.834697866039014
10369,4.980587581290505
10370,5.100580983322603
10371,5.1112130091870895
10373,5.290302810010445
10374,5.408110601406564
10375,5.161035058650235
10376,5.098000447128279
10377,4.690223210462402
10378,4.599898793588034
10379,4.342304896454955
10380,4.491923772506115
10381,4.491923772506115
10382,4.062954247707671
10383,4.045442755938505
10384,3.789447927633378
10386,3.9858290060525756
10387,3.9596901008335035
10388,3.3949466166632125
10390,3.4477117523860876
10392,3.9938107994011784
10393,4.155596750493419
10394,4.594066201649126
10395,4.607278763707936
10396,4.605629547186058
10397,4.607278763707936
10398,4.8439964811478236
10399,4.7125851945731085
10400,4.534771111774198
10401,4.272446140812067
10403,4.216019704838986
10405,4.447313493775685
10406,4.272446140812067
10407,4.323271540654974
10408,4.548696092343972
10409,4.539632465551508
10410,4.548696092343972
10411,4.548696092343972
10412,4.548696092343972
10413,4.539632465551508
10414,4.530593844139263
10415,4.530593844139263
10416,4.539632465551508
10417,4.539632465551508
10418,4.622231526411027
10420,4.8461847558260285
10421,4.8461847558260285
10422,4.818789251840431
10423,4.780541532409459
10424,4.8386536231357296
10425,4.863572388275688
10426,4.854533766863443
10427,4.784700213410095
10428,4.839459027032121
10429,4.16941471073409
10430,4.16941471073409
10434,3.7943629139498007
10435,3.403654040125728
10437,2.833157219151114
10438,3.330153775300247
10439,3.330153775300247
10440,3.481808591106259
10441,3.8880220874319478
10442,4.487718018304666
10443,4.450451020177903
10444,4.54488926574785
10445,4.733865605596352
10446,4.981837887111595
10447,4.827278838995459
10449,4.54488926574785
10450,4.439290917335292
10451,4.059022914877094
10452,4.066465101425815
10453,4.066465101425815
10454,4.439290917335292
10455,4.061253481492897
10456,4.061253481492897
10457,4.0299245294408665
10458,3.53814491577174
10459,3.53814491577174
10460,3.53814491577174
10461,3.1835973007533487
10463,3.5101444481682678
10464,3.7076175904829904
10465,4.0299245294408665
10466,4.466192613819969
10468,4.64303825211715
10469,5.0617588556559
10470,4.632171225499126
10471,4.874797560942977
10472,4.601424158426613
10473,4.829643226883656
10476,4.805307778858705
10478,4.708227297923636
10479,4.733170525856825
10480,4.367511260659685
10481,4.58247535178977
10482,3.901667178530957
10483,3.9275738968387364
10484,3.921482627106438
10485,3.9275738968387364
10486,4.207858354318641
10487,3.9275738968387364
10490,4.665536614020517
10491,4.897838746636618
10493,5.757471480021634
10494,5.666509926859975
10495,5.753855863167756
10496,5.0174122090831705
10499,4.698144626038525
10500,4.499810713800544
10501,4.412677858761045
10503,3.960485091552195
10504,4.396665079537915
10505,3.970606255862155
10506,4.3026496902953255
10507,4.3026496902953255
10508,4.355738380042809
10509,4.287144793661657
10510,3.9319260837803256
10511,4.37172068659943
10512,4.315978848292578
10514,4.735311521891017
10515,4.92235051437008
10516,5.249216633515562
10517,5.644478083698688
10518,6.155068787192739
10519,5.870365425969112
10520,5.25127868020745
10521,5.001172998149515
10523,5.185462184086973
10524,5.196044143778528
10526,4.919262088257768
10528,5.428567083065896
10529,4.679909373735767
10530,4.819413158748759
10531,5.0957131792823755
10532,5.203456399891812
10533,5.369503606576209
10535,5.26057740989992
10536,5.321022779911432
10537,5.617242772077097
10538,5.530843041208011
10539,5.631010159531677
10540,5.566339014513383
10541,5.960771605482912
10542,5.8962498653811295
10543,5.725086190638065
10545,5.810968823509796
10546,5.679196042147009
10547,5.5284864330156624
10548,5.450623735124833
10549,5.368631046070208
10550,5.141397248782234
10551,4.3413812804869965
10552,4.3413812804869965
10553,3.9486763389566812
10554,3.9381603500992663
10555,3.936857062602893
10556,3.936857062602893
10557,3.936857062602893
10558,3.9353838480394905
10559,3.9353838480394905
10560,4.216116078692107
10561,3.949979626453055
10563,5.197669490848201
10564,5.321927802364947
10565,5.245165878710505
10566,5.449457145774035
10567,5.325331296143675
10569,4.997127428151141
10570,3.999721682363352
10571,4.035935027155352
10572,3.870867933049182
10573,3.5270077198964183
10574,3.5270077198964183
10575,3.5740539086512166
10576,3.711617181592007
10577,3.968074892171408
10578,3.9265722952251036
10579,3.6466631150880957
10580,3.9440525205382215
10581,4.142727989880554
10582,3.9550424030960976
10583,4.3423206189872054
10584,4.389376706564994
10585,4.520409060354074
10586,4.551542722959935
10587,4.645767473842067
10588,4.812904274050111
10589,4.743250768491559
10590,4.743250768491559
10591,4.444875793937843
10592,4.799934431808101
10593,4.775083271820127
10594,4.649084997012721
10595,4.485382567942532
10596,4.126102004983675
10597,4.138334215982299
10598,4.138334215982299
10600,4.032910704655271
10601,4.032910704655271
10602,4.068569413068695
10603,4.061111731109539
10604,4.068569413068695
10605,4.068569413068695
10606,3.9532758677314277
10607,3.966264234386777
10608,3.934935282334744
10609,4.269287720629598
10610,4.297846728401468
10615,4.383133213998086
10616,3.9291030099754005
10618,3.945646548319691
10619,3.926393358465542
10620,3.926393358465542
10621,3.9424666669255353
10623,4.353635594595354
10625,4.382194602367224
10626,4.382194602367224
10627,4.120531905020042
10628,4.382194602367224
10630,4.264598193000788
10631,4.197043402466415
10632,4.465404602776738
10634,4.467986246955893
10635,4.818882445022838
10636,4.4547736848970825
10638,3.933682485084837
10639,3.933682485084837
10640,3.9153215185417403
10641,4.020898011540007
10642,4.012974084698398
10643,3.999985718043049
10645,3.9509802269551604
10646,3.999985718043049
10647,4.043874651896044
10648,4.144275205444491
10649,4.127700891584609
10651,4.127700891584609
10652,4.127700891584609
10653,4.113725580492303
10654,4.16867569678251
10655,4.21517670615935
10656,4.22238356470963
10658,3.960076629941674
10659,4.068965230090333
10660,4.068965230090333
10662,4.390132528167151
10663,4.447696454571964
10664,4.945148093143438
10665,4.372708295307383
10666,4.82939407447552
10667,4.044697292703829
10668,4.129984055358443
10669,4.934382939554566
10670,4.044697292703829
10671,4.616587790105366
10674,4.528673050591344
10675,4.714850982790489
10677,4.773271874459796
10679,5.037410721285735
10680,5.021613824450662
10681,5.04366273946497
10682,5.335113646003874
10683,5.226384664568772
10686,5.314062109292343
10687,5.314062109292343
10688,4.943342987499765
10690,4.943342987499765
10691,4.943342987499765
10692,4.9318028678361525
10693,4.670907017898591
10695,4.871015802134101
10696,4.463523460002479
10697,4.514781491153162
10698,4.033627868509037
10700,4.023506462678104
10701,4.14453169732938
10702,4.200684096422921
10703,4.050294304882505
10704,4.575710082115654
10705,4.798756952635592
10706,5.266921855187294
10707,5.490429307895615
10711,5.390713884229698
10712,5.021127533373203
10713,5.266921855187294
10714,4.775914093481506
10715,4.825578759281056
10716,4.929070316540032
10717,4.925952175066295
10718,4.672844648740741
10719,4.714905751023777
10720,4.6292305046993585
10722,4.019218516391584
10723,4.10720236483529
10725,3.8672417741201537
10726,3.722433442297625
10727,3.7161149289976154
10729,5.180551415276308
10730,5.362879736141651
10732,5.594198398621203
10733,5.564030351419795
10734,5.580463814832634
10736,5.238671273694118
10737,5.238671273694118
10738,5.053513690115495
10739,4.998710759285575
10740,4.891077195133719
10741,3.9284407316884216
10742,3.95707992912846
10743,3.5601483331398427
10744,3.4872028410247338
10745,3.484505603746789
10747,3.2101488247938224
10748,3.372497045792507
10749,3.3790496432495094
10750,3.3820873145836705
10751,3.31434240676487
10752,3.3242230085042452
10753,3.512231357124126
10754,4.544521663241845
10755,5.124848996589989
10756,5.13116750989
10758,5.3381403075264835
10759,5.078270280205577
10760,4.8789149803619205
10761,5.333854197369263
10762,4.962561276765888
10763,4.630399660477876
10764,4.130581290294218
10765,3.9075236336433155
10766,3.9253721180316337
10767,4.044987794867217
10768,3.75434702042627
10769,3.4623201911856656
10770,3.5762714133785907
10771,3.414222800730644
10772,3.7381527676729203
10775,3.7101523000694483
10776,3.5135714658209722
10777,4.592847845209284
10778,4.6762826661425985
10779,5.040380153010042
10780,5.027072717779387
10781,5.055711104736313
10782,5.261626744456097
10783,5.029139634688856
10784,5.10553315419946
10785,4.886952045455716
10786,4.825513858381575
10787,4.964105669297586
10788,4.825513858381575
10791,4.782288229506648
10792,4.187603194371651
10793,3.9772565996605356
10794,4.034235153159076
10795,3.9669785151962507
10796,3.9669785151962507
10797,3.9669785151962507
10799,4.05708605130083
10800,4.05708605130083
10801,4.05708605130083
10802,4.05708605130083
10803,4.470724279229226
10804,4.4935690075039805
10805,4.438299203856219
10806,4.447731806021567
10808,4.447731806021567
10810,3.533454950126182
10811,4.3834688392615035
10812,3.825711509417558
10813,4.4839368412880365
10815,4.028048874373851
10816,4.1514148370749
10817,3.843399163133639
10818,3.9804744814025317
10819,3.8215786056166885
10820,4.028048874373851
10821,4.048322780134827
10822,4.048322780134827
10823,4.1514148370749
10824,4.041261436432661
10825,4.075412800349769
10826,4.088625362408579
10827,4.041261436432661
10829,4.088625362408579
10830,4.062464852972901
10831,3.8805812088368214
10832,4.011662271161735
10833,3.903975651168368
10834,4.15727180790208
10835,3.989277072389464
10836,3.9092482284256627
10837,3.9092482284256627
10838,3.8706847879610247
10840,3.992394130281174
10841,4.346795721043598
10843,4.312743982228062
10844,3.745799039597023
10845,3.7807858585258467
10846,3.7528442914640077
10847,3.529823517059016
10849,4.398410668779578
10850,4.966530131647007
10852,5.651761851207596
10853,5.335709378966865
10854,5.379126963551405
10855,5.549137504678395
10856,5.394814292420881
10857,5.439404084360216
10858,5.511886015804173
10860,5.171257877323282
10861,5.124387063348682
10862,5.201891606802652
10863,4.48286551885918
10866,3.659917723533857
10867,3.424943363467813
10868,3.60465279144717
10869,3.410762170024368
10871,3.1253359461283403
10872,3.9854511606689633
10873,4.356890570597676
10874,5.122091088880566
10875,5.13412945815391
10876,5.218285166268887
10877,5.218285166268887
10878,5.23664204884224
10879,5.271235001097818
10880,5.28296084750715
10881,5.2552537507327415
10882,5.2697482854483395
10883,5.0315004170775355
10884,4.887619417596682
10885,4.754308926845288
10886,4.502432645153472
